{
  "Author": "Anna, Maintained by Caraxi",
  "Name": "Peeping Tom S",
  "InternalName": "PeepingTomS",
  "AssemblyVersion": "1.7.21",
  "Description": "Shows who is currently or was previously targeting you.",
  "ApplicableVersion": "any",
  "RepoUrl": "https://github.com/Caraxi/PeepingTomS",
  "DalamudApiLevel": 13,
  "LoadRequiredState": 0,
  "LoadSync": false,
  "CanUnloadAsync": false,
  "LoadPriority": 0,
  "Punchline": "Shows who is currently or was previously targeting you.",
  "AcceptsFeedback": true
}