{
  "Author": "Bluefissure",
  "Name": "Double Weaver Hack",
  "InternalName": "DoubleWeaver",
  "AssemblyVersion": "1.0.9.0",
  "Description": "Double weaving in high latency network.",
  "ApplicableVersion": "any",
  "RepoUrl": "https://github.com/Bluefissure/DoubleWeaver",
  "Tags": [
    "bluefissure",
    "doublewaver"
  ],
  "DalamudApiLevel": 14,
  "LoadRequiredState": 0,
  "LoadSync": false,
  "CanUnloadAsync": false,
  "LoadPriority": 0,
  "IconUrl": "https://github.com/Bluefissure/DoubleWeaver/blob/master/images/icon.png",
  "Punchline": "Double weaving with high ping",
  "AcceptsFeedback": true
}